{
  "entity_coverage_mean": 0.07143402684373047,
  "context_utilization_mean": 0.7496661011592438,
  "answer_diversity": 0.37678207739307534
}